Rk,Player,SO,Season,Age,Team,Lg,W,L,W-L%,Dec,ERA,G,GS,CG,SHO,SV,IP,H,R,ER,HR,BB,IBB,SO,HBP,BK,WP,BF,ERA+,FIP,WHIP,H9,HR9,BB9,SO9,SO/BB,Pos,Player-additional
1,Spencer Strider,281,2023,24,ATL,NL,20,5,.800,25,3.86,32,32,0,0,0,186.2,146,85,80,22,58,1,281,9,2,6,763,113,2.85,1.093,7.0,1.1,2.8,13.5,4.84,,stridsp01
2,Kevin Gausman,237,2023,32,TOR,AL,12,9,.571,21,3.16,31,31,0,0,0,185.0,163,72,65,19,55,0,237,3,2,3,763,136,2.97,1.178,7.9,0.9,2.7,11.5,4.31,,gausmke01
3,Pablo López,234,2023,27,MIN,AL,11,8,.579,19,3.66,32,32,1,1,0,194.0,176,81,79,24,48,1,234,9,0,7,801,119,3.33,1.155,8.2,1.1,2.2,10.9,4.88,,lopezpa01
4,Blake Snell,234,2023,30,SDP,NL,14,9,.609,23,2.25,32,32,0,0,0,180.0,115,47,45,15,99,0,234,3,2,13,742,187,3.44,1.189,5.8,0.8,5.0,11.7,2.36,,snellbl01
5,Gerrit Cole,222,2023,32,NYY,AL,15,4,.789,19,2.63,33,33,2,2,0,209.0,157,64,61,20,48,0,222,7,1,4,821,165,3.16,0.981,6.8,0.9,2.1,9.6,4.63,,colege01
6,Zac Gallen,220,2023,27,ARI,NL,17,9,.654,26,3.47,34,34,1,1,0,210.0,188,87,81,22,47,0,220,5,1,8,846,126,3.26,1.119,8.1,0.9,2.0,9.4,4.68,,galleza01
7,Luis Castillo,219,2023,30,SEA,AL,14,9,.609,23,3.34,33,33,0,0,0,197.0,160,81,73,28,56,0,219,5,0,3,802,118,3.81,1.096,7.3,1.3,2.6,10.0,3.91,,castilu02
8,Dylan Cease,214,2023,27,CHW,AL,7,9,.438,16,4.58,33,33,0,0,0,177.0,172,98,90,19,79,3,214,9,0,14,784,97,3.72,1.418,8.7,1.0,4.0,10.9,2.71,,ceasedy01
9,Zack Wheeler,212,2023,33,PHI,NL,13,6,.684,19,3.61,32,32,0,0,0,192.0,168,82,77,20,39,0,212,9,0,1,787,119,3.15,1.078,7.9,0.9,1.8,9.9,5.44,,wheelza01
10,Mitch Keller,210,2023,27,PIT,NL,13,9,.591,22,4.21,32,32,1,1,0,194.1,187,97,91,25,55,0,210,12,1,5,825,106,3.80,1.245,8.7,1.2,2.5,9.7,3.82,,kellemi03
11,Freddy Peralta,210,2023,27,MIL,NL,12,10,.545,22,3.86,30,30,0,0,0,165.2,131,77,71,26,54,0,210,6,1,6,680,112,3.85,1.117,7.1,1.4,2.9,11.4,3.89,,peralfr01
12,Jesús Luzardo,208,2023,25,MIA,NL,10,10,.500,20,3.58,32,32,0,0,0,178.2,162,79,71,22,55,1,208,6,1,7,741,131,3.55,1.215,8.2,1.1,2.8,10.5,3.78,,luzarje01
13,Lucas Giolito,204,2023,28,CHWCLELAA,AL,8,15,.348,23,4.88,33,33,0,0,0,184.1,169,110,100,41,73,2,204,9,0,5,794,90,5.27,1.313,8.3,2.0,3.6,10.0,2.79,,giolilu01
14,Aaron Nola,202,2023,30,PHI,NL,12,9,.571,21,4.46,32,32,0,0,0,193.2,178,105,96,32,45,0,202,1,0,2,793,96,4.03,1.151,8.3,1.5,2.1,9.4,4.49,,nolaaa01
15,Kodai Senga,202,2023,30,NYM,NL,12,7,.632,19,2.98,29,29,0,0,0,166.1,126,60,55,17,77,0,202,5,1,14,694,140,3.63,1.220,6.8,0.9,4.2,10.9,2.62,,sengako01
16,Corbin Burnes,200,2023,28,MIL,NL,10,8,.556,18,3.39,32,32,0,0,0,193.2,141,77,73,22,66,0,200,8,1,10,784,127,3.81,1.069,6.6,1.0,3.1,9.3,3.03,,burneco01
17,Framber Valdez,200,2023,29,HOU,AL,12,11,.522,23,3.45,31,31,2,2,0,198.0,166,86,76,19,57,0,200,10,0,6,808,123,3.50,1.126,7.5,0.9,2.6,9.1,3.51,,valdefr01
18,Joe Ryan,197,2023,27,MIN,AL,11,10,.524,21,4.51,29,29,1,1,0,161.2,155,83,81,32,34,0,197,6,0,3,672,97,4.13,1.169,8.6,1.8,1.9,11.0,5.79,,ryanjo04
19,Logan Webb,194,2023,26,SFG,NL,11,13,.458,24,3.25,33,33,2,1,0,216.0,201,83,78,20,31,0,194,5,0,1,850,128,3.16,1.074,8.4,0.8,1.3,8.1,6.26,,webblo01
20,Lance Lynn,191,2023,36,CHWLAD,ALNL,13,11,.542,24,5.73,32,32,0,0,0,183.2,189,127,117,44,67,1,191,9,0,3,808,77,5.53,1.394,9.3,2.2,3.3,9.4,2.85,,lynnla01
21,Logan Gilbert,189,2023,26,SEA,AL,13,7,.650,20,3.73,32,32,1,1,0,190.2,169,82,79,29,36,1,189,2,0,6,770,106,3.85,1.075,8.0,1.4,1.7,8.9,5.25,,gilbelo01
22,Merrill Kelly,187,2023,34,ARI,NL,12,8,.600,20,3.29,30,30,0,0,0,177.2,143,71,65,20,69,0,187,4,4,3,722,133,3.85,1.193,7.2,1.0,3.5,9.5,2.71,,kellyme01
23,Chris Bassitt,186,2023,34,TOR,AL,16,8,.667,24,3.60,33,33,1,1,0,200.0,176,88,80,28,59,2,186,12,3,4,826,119,4.28,1.175,7.9,1.3,2.7,8.4,3.15,,bassich01
24,Zach Eflin,186,2023,29,TBR,AL,16,8,.667,24,3.50,31,31,0,0,0,177.2,158,69,69,19,24,1,186,3,0,0,703,120,3.01,1.024,8.0,1.0,1.2,9.4,7.75,,eflinza01
25,José Berríos,184,2023,29,TOR,AL,11,12,.478,23,3.65,32,32,0,0,0,189.2,173,82,77,25,52,3,184,9,1,4,782,117,3.99,1.186,8.2,1.2,2.5,8.7,3.54,1,berrijo01
26,Sonny Gray,183,2023,33,MIN,AL,8,8,.500,16,2.79,32,32,0,0,0,184.0,156,59,57,8,55,0,183,6,1,6,754,157,2.83,1.147,7.6,0.4,2.7,9.0,3.33,,grayso01
27,Charlie Morton,183,2023,39,ATL,NL,14,12,.538,26,3.64,30,30,0,0,0,163.1,150,70,66,14,83,2,183,12,2,4,716,120,3.87,1.427,8.3,0.8,4.6,10.1,2.20,,mortoch02
28,Nick Pivetta,183,2023,30,BOS,AL,10,9,.526,19,4.04,38,16,0,0,1,142.2,110,69,64,23,50,1,183,6,1,5,587,113,3.96,1.121,6.9,1.5,3.2,11.5,3.66,1,pivetni01
29,Yusei Kikuchi,181,2023,32,TOR,AL,11,6,.647,17,3.86,32,32,0,0,0,167.2,165,78,72,27,48,0,181,4,0,7,700,111,4.12,1.270,8.9,1.4,2.6,9.7,3.77,,kikucyu01
30,Hunter Brown,178,2023,24,HOU,AL,11,13,.458,24,5.09,31,29,0,0,0,155.2,157,94,88,26,55,0,178,9,0,4,665,83,4.37,1.362,9.1,1.5,3.2,10.3,3.24,,brownhu01
31,Justin Steele,176,2023,27,CHC,NL,16,5,.762,21,3.06,30,30,0,0,0,173.1,167,71,59,14,36,0,176,7,1,9,716,139,3.02,1.171,8.7,0.7,1.9,9.1,4.89,,steelju01
32,Max Scherzer,174,2023,38,NYMTEX,ALNL,13,6,.684,19,3.77,27,27,0,0,0,152.2,126,65,64,28,45,0,174,4,0,2,621,112,4.32,1.120,7.4,1.7,2.7,10.3,3.87,,scherma01
33,George Kirby,172,2023,25,SEA,AL,13,10,.565,23,3.35,31,31,1,0,0,190.2,179,74,71,22,19,1,172,6,0,1,757,118,3.34,1.038,8.4,1.0,0.9,8.1,9.05,,kirbyge01
34,Kyle Bradish,168,2023,26,BAL,AL,12,7,.632,19,2.83,30,30,0,0,0,168.2,132,54,53,14,44,0,168,8,0,9,671,144,3.27,1.043,7.0,0.7,2.3,9.0,3.82,,bradiky01
35,Reid Detmers,168,2023,23,LAA,AL,4,10,.286,14,4.48,28,28,0,0,0,148.2,141,81,74,19,60,2,168,13,0,7,644,100,4.13,1.352,8.5,1.2,3.6,10.2,2.80,,detmere01
36,Shohei Ohtani,167,2023,28,LAA,AL,10,5,.667,15,3.14,23,23,1,1,0,132.0,85,50,46,18,55,0,167,11,0,12,531,142,4.00,1.061,5.8,1.2,3.8,11.4,3.04,*D1,ohtansh01
37,Jordan Montgomery,166,2023,30,STLTEX,ALNL,10,11,.476,21,3.20,32,32,0,0,0,188.2,177,75,67,18,48,0,166,4,0,6,777,136,3.56,1.193,8.4,0.9,2.3,7.9,3.46,,montgjo01
38,Tyler Glasnow,162,2023,29,TBR,AL,10,7,.588,17,3.53,21,21,0,0,0,120.0,93,52,47,13,37,0,162,1,0,11,485,119,2.91,1.083,7.0,1.0,2.8,12.2,4.38,,glasnty01
39,JP Sears,161,2023,27,OAK,AL,5,14,.263,19,4.54,32,32,0,0,0,172.1,165,90,87,34,53,2,161,16,0,2,735,93,5.15,1.265,8.6,1.8,2.8,8.4,3.04,,searsjp01
40,Cristian Javier,159,2023,26,HOU,AL,10,5,.667,15,4.56,31,31,0,0,0,162.0,143,85,82,25,62,0,159,7,0,4,687,93,4.58,1.265,7.9,1.4,3.4,8.8,2.56,,javiecr01
41,Johan Oviedo,158,2023,25,PIT,NL,9,14,.391,23,4.31,32,32,1,1,0,177.2,161,91,85,19,83,1,158,13,3,7,781,104,4.49,1.373,8.2,1.0,4.2,8.0,1.90,,oviedjo01
42,Kyle Gibson,157,2023,35,BAL,AL,15,9,.625,24,4.73,33,33,0,0,0,192.0,198,101,101,23,55,0,157,6,0,8,807,86,4.13,1.318,9.3,1.1,2.6,7.4,2.85,1,gibsoky01
43,Dean Kremer,157,2023,27,BAL,AL,13,5,.722,18,4.12,32,32,0,0,0,172.2,171,85,79,27,55,0,157,5,0,5,735,99,4.51,1.309,8.9,1.4,2.9,8.2,2.85,,kremede01
44,Braxton Garrett,156,2023,25,MIA,NL,9,7,.563,16,3.66,31,30,0,0,0,159.2,154,68,65,20,29,0,156,11,0,4,659,128,3.68,1.146,8.7,1.1,1.6,8.8,5.38,,garrebr01
45,Hunter Greene,152,2023,23,CIN,NL,4,7,.364,11,4.82,22,22,0,0,0,112.0,111,65,60,19,48,0,152,8,0,5,498,97,4.25,1.420,8.9,1.5,3.9,12.2,3.17,,greenhu01
46,Sandy Alcántara,151,2023,27,MIA,NL,7,12,.368,19,4.14,28,28,3,1,0,184.2,176,91,85,22,48,0,151,5,1,4,762,113,4.03,1.213,8.6,1.1,2.3,7.4,3.15,,alcansa01
47,MacKenzie Gore,151,2023,24,WSN,NL,7,10,.412,17,4.42,27,27,0,0,0,136.1,134,71,67,27,57,0,151,1,0,6,582,96,4.89,1.401,8.8,1.8,3.8,10.0,2.65,,gorema01
48,Andrew Heaney,151,2023,32,TEX,AL,10,6,.625,16,4.15,34,28,0,0,0,147.1,143,74,68,23,60,0,151,10,0,3,641,103,4.66,1.378,8.7,1.4,3.7,9.2,2.52,,heanean01
49,Clarke Schmidt,149,2023,27,NYY,AL,9,9,.500,18,4.64,33,32,0,0,0,159.0,169,91,82,24,46,0,149,11,2,11,694,93,4.42,1.352,9.6,1.4,2.6,8.4,3.24,,schmicl01
50,Jack Flaherty,148,2023,27,BALSTL,ALNL,8,9,.471,17,4.99,29,27,0,0,0,144.1,162,83,80,17,66,2,148,12,0,8,650,87,4.36,1.580,10.1,1.1,4.1,9.2,2.24,,flaheja01
51,Bailey Ober,146,2023,27,MIN,AL,8,6,.571,14,3.43,26,26,0,0,0,144.1,125,58,55,22,29,0,146,7,0,1,577,128,3.96,1.067,7.8,1.4,1.8,9.1,5.03,,oberba01
52,Justin Verlander,144,2023,40,HOUNYM,ALNL,13,8,.619,21,3.22,27,27,0,0,0,162.1,139,63,58,18,45,0,144,5,0,5,669,131,3.85,1.133,7.7,1.0,2.5,8.0,3.20,,verlaju01
53,Josiah Gray,143,2023,25,WSN,NL,8,13,.381,21,3.91,30,30,0,0,0,159.0,152,72,69,22,80,1,143,9,0,9,698,109,4.93,1.459,8.6,1.2,4.5,8.1,1.79,,grayjo03
54,Eduardo Rodríguez,143,2023,30,DET,AL,13,9,.591,22,3.30,26,26,0,0,0,152.2,128,59,56,15,48,0,143,3,0,3,621,131,3.66,1.153,7.5,0.9,2.8,8.4,2.98,,rodried05
55,Jon Gray,142,2023,31,TEX,AL,9,8,.529,17,4.12,29,29,1,0,0,157.1,149,75,72,22,54,1,142,9,0,4,656,104,4.47,1.290,8.5,1.3,3.1,8.1,2.63,1,grayjo02
56,Tanner Bibee,141,2023,24,CLE,AL,10,4,.714,14,2.98,25,25,0,0,0,142.0,122,49,47,13,45,0,141,5,2,7,585,143,3.52,1.176,7.7,0.8,2.9,8.9,3.13,,bibeeta01
57,Yu Darvish,141,2023,36,SDP,NL,8,10,.444,18,4.56,24,24,0,0,0,136.1,134,71,69,18,43,0,141,8,1,1,574,93,4.03,1.298,8.8,1.2,2.8,9.3,3.28,,darviyu01
58,Drew Smyly,141,2023,34,CHC,NL,11,11,.500,22,5.00,41,23,0,0,0,142.1,147,89,79,26,56,0,141,6,1,9,626,85,4.96,1.426,9.3,1.6,3.5,8.9,2.52,1,smylydr01
59,Dane Dunning,140,2023,28,TEX,AL,12,7,.632,19,3.70,35,26,0,0,0,172.2,163,73,71,20,55,0,140,10,0,6,722,116,4.27,1.263,8.5,1.0,2.9,7.3,2.55,,dunnida01
60,Seth Lugo,140,2023,33,SDP,NL,8,7,.533,15,3.57,26,26,0,0,0,146.1,140,62,58,19,36,0,140,3,0,3,604,118,3.83,1.203,8.6,1.2,2.2,8.6,3.89,,lugose01
61,Jameson Taillon,140,2023,31,CHC,NL,8,10,.444,18,4.84,30,29,0,0,1,154.1,156,96,83,27,41,0,140,5,0,2,655,88,4.61,1.276,9.1,1.6,2.4,8.2,3.41,,taillja01
62,Griffin Canning,139,2023,27,LAA,AL,7,8,.467,15,4.32,24,22,0,0,0,127.0,121,62,61,22,36,1,139,5,0,4,536,103,4.29,1.236,8.6,1.6,2.6,9.9,3.86,,cannigr01
63,Taijuan Walker,138,2023,30,PHI,NL,15,6,.714,21,4.38,31,31,0,0,0,172.2,155,87,84,20,71,1,138,8,1,3,733,98,4.53,1.309,8.1,1.0,3.7,7.2,1.94,,walketa01
64,Clayton Kershaw,137,2023,35,LAD,NL,13,5,.722,18,2.46,24,24,0,0,0,131.2,100,39,36,19,40,0,137,3,2,6,523,175,4.03,1.063,6.8,1.3,2.7,9.4,3.43,,kershcl01
65,Miles Mikolas,137,2023,34,STL,NL,9,13,.409,22,4.78,35,35,0,0,0,201.1,226,110,107,26,39,0,137,8,0,4,860,92,4.27,1.316,10.1,1.2,1.7,6.1,3.51,,mikolmi01
66,Kutter Crawford,135,2023,27,BOS,AL,6,8,.429,14,4.04,31,23,0,0,0,129.1,107,59,58,17,36,0,135,5,0,4,527,113,3.83,1.106,7.4,1.2,2.5,9.4,3.75,1/H,crawfku01
67,Michael Kopech,134,2023,27,CHW,AL,5,12,.294,17,5.43,30,27,0,0,0,129.1,115,80,78,29,91,0,134,11,0,9,591,81,6.46,1.593,8.0,2.0,6.3,9.3,1.47,,kopecmi01
68,Brady Singer,133,2023,26,KCR,AL,8,11,.421,19,5.52,29,29,0,0,0,159.2,182,102,98,20,49,0,133,8,0,3,702,81,4.29,1.447,10.3,1.1,2.8,7.5,2.71,,singebr01
69,Brayan Bello,132,2023,24,BOS,AL,12,11,.522,23,4.24,28,28,0,0,0,157.0,165,77,74,24,45,0,132,6,0,1,668,107,4.54,1.338,9.5,1.4,2.6,7.6,2.93,,bellobr01
70,Nathan Eovaldi,132,2023,33,TEX,AL,12,5,.706,17,3.63,25,25,2,1,0,144.0,117,59,58,15,47,0,132,6,0,2,577,118,3.88,1.139,7.3,0.9,2.9,8.3,2.81,,eovalna01
71,Ken Waldichuk,132,2023,25,OAK,AL,4,9,.308,13,5.36,35,22,0,0,1,141.0,149,93,84,24,71,1,132,9,1,7,639,78,5.30,1.560,9.5,1.5,4.5,8.4,1.86,,waldike01
72,Alex Cobb,131,2023,35,SFG,NL,7,7,.500,14,3.87,28,28,2,1,0,151.1,163,69,65,19,37,0,131,6,5,7,646,108,4.01,1.322,9.7,1.1,2.2,7.8,3.54,,cobbal01
73,Taj Bradley,129,2023,22,TBR,AL,5,8,.385,13,5.59,23,21,0,0,0,104.2,106,69,65,23,39,0,129,1,0,6,460,75,4.79,1.385,9.1,2.0,3.4,11.1,3.31,,bradlta01
74,Rich Hill,129,2023,43,PITSDP,NL,8,14,.364,22,5.41,32,27,0,0,0,146.1,165,98,88,23,58,0,129,7,1,2,660,82,4.87,1.524,10.1,1.4,3.6,7.9,2.22,,hillri01
75,Grayson Rodriguez,129,2023,23,BAL,AL,7,4,.636,11,4.35,23,23,0,0,0,122.0,121,62,59,16,42,0,129,2,0,4,515,94,3.93,1.336,8.9,1.2,3.1,9.5,3.07,,rodrigr01
76,Bryce Elder,128,2023,24,ATL,NL,12,4,.750,16,3.81,31,31,0,0,0,174.2,160,79,74,19,63,0,128,8,1,11,732,114,4.42,1.277,8.2,1.0,3.2,6.6,2.03,,elderbr01
77,Sean Manaea,128,2023,31,SFG,NL,7,6,.538,13,4.44,37,10,0,0,1,117.2,104,68,58,14,42,0,128,8,0,3,499,94,3.90,1.241,8.0,1.1,3.2,9.8,3.05,,manaese01
78,David Peterson,128,2023,27,NYM,NL,3,8,.273,11,5.03,27,21,1,0,0,111.0,124,64,62,16,50,0,128,6,0,6,492,83,4.34,1.568,10.1,1.3,4.1,10.4,2.56,,peterda01
79,Patrick Sandoval,128,2023,26,LAA,AL,7,13,.350,20,4.11,28,28,0,0,0,144.2,145,89,66,12,74,2,128,4,0,5,652,109,4.18,1.514,9.0,0.7,4.6,8.0,1.73,,sandopa02
80,Michael King,127,2023,28,NYY,AL,4,8,.333,12,2.75,49,9,0,0,6,104.2,88,35,32,10,32,1,127,5,1,2,431,158,3.13,1.146,7.6,0.9,2.8,10.9,3.97,,kingmi01
81,Chris Sale,125,2023,34,BOS,AL,6,5,.545,11,4.30,20,20,0,0,0,102.2,87,52,49,15,29,0,125,8,0,3,425,106,3.80,1.130,7.6,1.3,2.5,11.0,4.31,,salech01
82,Patrick Corbin,124,2023,33,WSN,NL,10,15,.400,25,5.20,32,32,0,0,0,180.0,210,113,104,33,57,0,124,4,0,6,790,82,5.28,1.483,10.5,1.7,2.9,6.2,2.18,,corbipa01
83,Michael Wacha,124,2023,31,SDP,NL,14,4,.778,18,3.22,24,24,0,0,0,134.1,113,49,48,15,43,0,124,3,1,3,553,131,3.89,1.161,7.6,1.0,2.9,8.3,2.88,,wachami01
84,Shane McClanahan,121,2023,26,TBR,AL,11,2,.846,13,3.29,21,21,0,0,0,115.0,95,42,42,15,41,0,121,0,0,1,469,128,3.92,1.183,7.4,1.2,3.2,9.5,2.95,,mcclash01
85,Andrew Abbott,120,2023,24,CIN,NL,8,6,.571,14,3.87,21,21,0,0,0,109.1,100,47,47,16,44,0,120,1,1,1,459,120,4.20,1.317,8.2,1.3,3.6,9.9,2.73,,abbotan01
86,Jordan Lyles,120,2023,32,KCR,AL,6,17,.261,23,6.28,31,31,3,0,0,177.2,176,130,124,39,45,0,120,6,0,10,748,71,5.62,1.244,8.9,2.0,2.3,6.1,2.67,,lylesjo01
87,Logan Allen,119,2023,24,CLE,AL,7,8,.467,15,3.81,24,24,0,0,0,125.1,127,55,53,16,48,0,119,1,0,1,537,112,4.19,1.396,9.1,1.1,3.4,8.5,2.48,,allenlo02
88,Tyler Anderson,119,2023,33,LAA,AL,6,6,.500,12,5.43,27,25,0,0,0,141.0,146,90,85,20,64,1,119,7,2,6,629,82,4.92,1.489,9.3,1.3,4.1,7.6,1.86,,anderty01
89,Bobby Miller,119,2023,24,LAD,NL,11,4,.733,15,3.76,22,22,0,0,0,124.1,105,53,52,12,32,0,119,6,0,10,505,114,3.51,1.102,7.6,0.9,2.3,8.6,3.72,,millebo06
90,Bryce Miller,119,2023,24,SEA,AL,8,7,.533,15,4.32,25,25,0,0,0,131.1,124,64,63,18,26,0,119,7,0,2,537,91,3.98,1.142,8.5,1.2,1.8,8.2,4.58,,millebr04
91,Marcus Stroman,119,2023,32,CHC,NL,10,9,.526,19,3.95,27,25,1,1,0,136.2,120,68,60,9,52,0,119,3,0,3,575,108,3.58,1.259,7.9,0.6,3.4,7.8,2.29,,stromma01
92,Ranger Suárez,119,2023,27,PHI,NL,4,6,.400,10,4.18,22,22,0,0,0,125.0,129,59,58,13,48,0,119,2,0,4,540,103,3.90,1.416,9.3,0.9,3.5,8.6,2.48,,suarera01
93,Edward Cabrera,118,2023,25,MIA,NL,7,7,.500,14,4.24,22,20,0,0,0,99.2,78,48,47,11,66,0,118,4,3,1,434,111,4.43,1.445,7.0,1.0,6.0,10.7,1.79,,cabreed02
94,Kenta Maeda,117,2023,35,MIN,AL,6,8,.429,14,4.23,21,20,0,0,0,104.1,94,50,49,17,28,0,117,3,0,2,428,104,4.02,1.169,8.1,1.5,2.4,10.1,4.18,,maedake01
95,Julio Urías,117,2023,26,LAD,NL,11,8,.579,19,4.60,21,21,0,0,0,117.1,112,61,60,24,24,0,117,6,1,2,482,94,4.69,1.159,8.6,1.8,1.8,9.0,4.88,,uriasju01
96,Tyler Wells,117,2023,28,BAL,AL,7,6,.538,13,3.64,25,20,0,0,1,118.2,83,50,48,25,34,0,117,4,2,3,470,112,4.98,0.986,6.3,1.9,2.6,8.9,3.44,,wellsty01
97,Aaron Civale,116,2023,28,CLETBR,AL,7,5,.583,12,3.46,23,23,0,0,0,122.1,109,47,47,12,33,0,116,5,0,5,504,123,3.57,1.161,8.0,0.9,2.4,8.5,3.52,,civalaa01
98,Domingo Germán,114,2023,30,NYY,AL,5,7,.417,12,4.56,20,19,1,1,0,108.2,83,61,55,20,34,0,114,6,0,2,444,95,4.65,1.077,6.9,1.7,2.8,9.4,3.35,,germado01
99,Cole Ragans,113,2023,25,KCRTEX,AL,7,5,.583,12,3.47,29,12,0,0,0,96.0,70,40,37,7,41,1,113,2,0,6,392,128,3.19,1.156,6.6,0.7,3.8,10.6,2.76,1,raganco01
100,Graham Ashcraft,111,2023,25,CIN,NL,7,9,.438,16,4.76,26,26,0,0,0,145.2,148,78,77,23,52,0,111,10,1,3,624,98,5.06,1.373,9.1,1.4,3.2,6.9,2.13,,ashcrgr01
101,Michael Lorenzen,111,2023,31,DETPHI,ALNL,9,9,.500,18,4.18,29,25,1,1,1,153.0,138,76,71,20,47,0,111,2,1,4,624,104,4.46,1.209,8.1,1.2,2.8,6.5,2.36,,lorenmi01
102,Trevor Williams,111,2023,31,WSN,NL,6,10,.375,16,5.55,30,30,0,0,0,144.1,178,97,89,34,53,1,111,5,2,0,659,77,5.98,1.600,11.1,2.1,3.3,6.9,2.09,,willitr01
103,Félix Bautista,110,2023,28,BAL,AL,8,2,.800,10,1.48,56,0,0,0,33,61.0,30,14,10,4,26,0,110,2,0,7,237,277,1.88,0.918,4.4,0.6,3.8,16.2,4.23,,bautife01
104,Mike Clevinger,110,2023,32,CHW,AL,9,9,.500,18,3.77,24,24,2,0,0,131.1,121,56,55,16,40,0,110,9,0,6,549,117,4.28,1.226,8.3,1.1,2.7,7.5,2.75,,clevimi01
105,Colin Rea,110,2023,32,MIL,NL,6,6,.500,12,4.55,26,22,0,0,0,124.2,110,65,63,23,38,0,110,4,1,2,517,95,4.90,1.187,7.9,1.7,2.7,7.9,2.89,,reaco01
106,Luke Weaver,109,2023,29,CINNYYSEA,ALNL,3,6,.333,9,6.40,29,25,0,0,0,123.2,155,90,88,29,40,0,109,4,0,3,563,71,5.61,1.577,11.3,2.1,2.9,7.9,2.73,,weavelu01
107,Eury Pérez,108,2023,20,MIA,NL,5,6,.455,11,3.15,19,19,0,0,0,91.1,72,35,32,15,31,0,108,2,1,6,374,149,4.11,1.128,7.1,1.5,3.1,10.6,3.48,,perezeu02
108,Matt Strahm,108,2023,31,PHI,NL,9,5,.643,14,3.29,56,10,0,0,2,87.2,68,34,32,11,21,0,108,3,1,1,351,131,3.24,1.015,7.0,1.1,2.2,11.1,5.14,,strahma01
109,Shane Bieber,107,2023,28,CLE,AL,6,6,.500,12,3.80,21,21,1,0,0,128.0,124,56,54,14,34,0,107,3,1,8,533,112,3.87,1.234,8.7,1.0,2.4,7.5,3.15,,biebesh01
110,Matt Brash,107,2023,25,SEA,AL,9,4,.692,13,3.06,78,0,0,0,4,70.2,65,26,24,3,29,0,107,6,0,11,308,130,2.26,1.330,8.3,0.4,3.7,13.6,3.69,1,brashma01
111,Nick Martinez,106,2023,32,SDP,NL,6,4,.600,10,3.43,63,9,0,0,1,110.1,99,45,42,12,40,1,106,3,0,3,461,123,3.92,1.260,8.1,1.0,3.3,8.6,2.65,,martini01
112,Luis Medina,106,2023,24,OAK,AL,3,10,.231,13,5.42,23,17,0,0,0,109.2,109,73,66,14,57,2,106,8,2,11,495,78,4.76,1.514,8.9,1.1,4.7,8.7,1.86,,medinlu02
113,Tylor Megill,105,2023,27,NYM,NL,9,8,.529,17,4.70,25,25,0,0,0,126.1,141,76,66,18,58,0,105,6,0,8,567,89,4.96,1.575,10.0,1.3,4.1,7.5,1.81,,megilty01
114,Trevor Richards,105,2023,30,TOR,AL,2,1,.667,3,4.95,56,3,0,0,0,72.2,63,41,40,13,35,3,105,2,0,5,315,87,4.22,1.349,7.8,1.6,4.3,13.0,3.00,,richatr01
115,Paul Blackburn,104,2023,29,OAK,AL,4,7,.364,11,4.43,21,20,0,0,0,103.2,117,54,51,11,43,1,104,3,0,1,464,95,3.96,1.543,10.2,1.0,3.7,9.0,2.42,,blackpa01
116,Tanner Scott,104,2023,28,MIA,NL,9,5,.643,14,2.31,74,0,0,0,12,78.0,53,22,20,3,24,3,104,4,0,1,307,204,2.17,0.987,6.1,0.3,2.8,12.0,4.33,,scottta01
117,Aroldis Chapman,103,2023,35,KCRTEX,AL,6,5,.545,11,3.09,61,0,0,0,6,58.1,37,24,20,4,36,2,103,1,2,9,249,143,2.52,1.251,5.7,0.6,5.6,15.9,2.86,1,chapmar01
118,Reese Olson,103,2023,23,DET,AL,5,7,.417,12,3.99,21,18,0,0,0,103.2,83,49,46,14,33,0,103,1,1,4,422,109,4.01,1.119,7.2,1.2,2.9,8.9,3.12,,olsonre01
119,Tarik Skubal,102,2023,26,DET,AL,7,3,.700,10,2.80,15,15,0,0,0,80.1,58,28,25,4,14,0,102,3,0,1,310,155,2.00,0.896,6.5,0.4,1.6,11.4,7.29,,skubata01
120,J.P. France,101,2023,28,HOU,AL,11,6,.647,17,3.83,24,23,0,0,0,136.1,138,64,58,19,47,0,101,2,0,6,581,111,4.66,1.357,9.1,1.3,3.1,6.7,2.15,,francjp01
121,James Paxton,101,2023,34,BOS,AL,7,5,.583,12,4.50,19,19,0,0,0,96.0,93,51,48,18,33,0,101,2,0,5,411,101,4.68,1.313,8.7,1.7,3.1,9.5,3.06,,paxtoja01
122,Bryan Abreu,100,2023,26,HOU,AL,3,2,.600,5,1.75,72,0,0,0,5,72.0,44,17,14,6,31,0,100,3,0,1,287,243,2.98,1.042,5.5,0.8,3.9,12.5,3.23,,abreubr01
123,Tanner Houck,99,2023,27,BOS,AL,6,10,.375,16,5.01,21,21,0,0,0,106.0,104,61,59,14,41,0,99,6,0,1,463,91,4.43,1.368,8.8,1.2,3.5,8.4,2.41,,houckta01
124,Jake Irvin,99,2023,26,WSN,NL,3,7,.300,10,4.61,24,24,0,0,0,121.0,118,66,62,20,54,0,99,8,1,2,530,92,5.30,1.421,8.8,1.5,4.0,7.4,1.83,,irvinja01
125,Fernando Cruz,98,2023,33,CIN,NL,1,2,.333,3,4.91,58,2,0,0,0,66.0,52,39,36,6,28,0,98,2,0,5,279,95,2.83,1.212,7.1,0.8,3.8,13.4,3.50,,cruzfe01
126,Steven Matz,98,2023,32,STL,NL,4,7,.364,11,3.86,25,17,0,0,0,105.0,108,48,45,11,32,0,98,3,2,2,449,114,3.75,1.333,9.3,0.9,2.7,8.4,3.06,,matzst01
127,Julian Merryweather,98,2023,31,CHC,NL,5,1,.833,6,3.38,69,0,0,0,2,72.0,58,28,27,8,36,0,98,1,0,3,303,127,3.52,1.306,7.3,1.0,4.5,12.3,2.72,1,merryju01
128,Joey Wentz,98,2023,25,DET,AL,3,13,.188,16,6.90,25,19,0,0,0,105.2,131,87,81,25,47,0,98,0,2,2,492,63,5.81,1.685,11.2,2.1,4.0,8.3,2.09,,wentzjo01
129,Brandon Williamson,98,2023,25,CIN,NL,5,5,.500,10,4.46,23,23,0,0,0,117.0,111,63,58,18,39,0,98,2,2,4,491,104,4.63,1.282,8.5,1.4,3.0,7.5,2.51,,willibr02
130,Zack Greinke,97,2023,39,KCR,AL,2,15,.118,17,5.06,30,27,0,0,0,142.1,158,82,80,25,23,0,97,4,1,2,593,88,4.74,1.272,10.0,1.6,1.5,6.1,4.22,1,greinza01
131,Joe Musgrove,97,2023,30,SDP,NL,10,3,.769,13,3.05,17,17,0,0,0,97.1,90,35,33,10,21,1,97,9,1,2,399,138,3.52,1.140,8.3,0.9,1.9,9.0,4.62,,musgrjo01
132,Adrian Houser,96,2023,30,MIL,NL,8,5,.615,13,4.12,23,21,0,0,0,111.1,121,56,51,13,34,0,96,1,0,2,481,105,3.99,1.392,9.8,1.1,2.7,7.8,2.82,,housead01
133,Jakob Junis,96,2023,30,SFG,NL,4,3,.571,7,3.87,40,4,0,0,1,86.0,90,42,37,12,21,1,96,5,0,5,367,108,3.74,1.291,9.4,1.3,2.2,10.0,4.57,1,junisja01
134,Ryne Nelson,96,2023,25,ARI,NL,8,8,.500,16,5.31,29,27,0,0,0,144.0,159,87,85,24,46,0,96,1,1,6,619,83,5.07,1.424,9.9,1.5,2.9,6.0,2.09,,nelsory01
135,Cristopher Sánchez,96,2023,26,PHI,NL,3,5,.375,8,3.44,19,18,0,0,0,99.1,88,44,38,16,16,0,96,3,0,3,396,125,3.99,1.047,8.0,1.4,1.4,8.7,6.00,,sanchcr01
136,Javier Assad,94,2023,25,CHC,NL,5,3,.625,8,3.05,32,10,0,0,0,109.1,93,38,37,13,41,1,94,3,1,3,449,140,4.29,1.226,7.7,1.1,3.4,7.7,2.29,,assadja01
137,Kyle Freeland,94,2023,30,COL,NL,6,14,.300,20,5.03,29,29,0,0,0,155.2,187,96,87,29,42,0,94,1,0,2,677,99,5.30,1.471,10.8,1.7,2.4,5.4,2.24,,freelky01
138,Craig Kimbrel,94,2023,35,PHI,NL,8,6,.571,14,3.26,71,0,0,0,23,69.0,44,28,25,10,28,1,94,4,2,4,278,132,3.81,1.043,5.7,1.3,3.7,12.3,3.36,,kimbrcr01
139,Brandon Pfaadt,94,2023,24,ARI,NL,3,9,.250,12,5.72,19,18,0,0,0,96.0,109,63,61,22,26,0,94,3,0,0,421,77,5.18,1.406,10.2,2.1,2.4,8.8,3.62,,pfaadbr01
140,Kyle Hendricks,93,2023,33,CHC,NL,6,8,.429,14,3.74,24,24,0,0,0,137.0,138,68,57,13,27,0,93,4,0,0,578,114,3.81,1.204,9.1,0.9,1.8,6.1,3.44,,hendrky01
141,Martín Pérez,93,2023,32,TEX,AL,10,4,.714,14,4.45,35,20,0,0,0,141.2,150,74,70,21,49,1,93,4,3,2,608,96,4.99,1.405,9.5,1.3,3.1,5.9,1.90,,perezma02
142,Bryan Woo,93,2023,23,SEA,AL,4,5,.444,9,4.21,18,18,0,0,0,87.2,75,44,41,13,31,1,93,7,0,1,371,94,4.36,1.209,7.7,1.3,3.2,9.5,3.00,,woobr01
143,Pierce Johnson,90,2023,32,ATLCOL,NL,2,6,.250,8,4.02,67,0,0,0,13,62.2,63,34,28,10,30,1,90,0,0,4,277,119,3.89,1.484,9.0,1.4,4.3,12.9,3.00,1,johnspi01
144,Camilo Doval,87,2023,25,SFG,NL,6,6,.500,12,2.93,69,0,0,0,39,67.2,51,32,22,3,26,6,87,8,3,10,281,143,2.77,1.138,6.8,0.4,3.5,11.6,3.35,1,dovalca01
145,Austin Gomber,87,2023,29,COL,NL,9,9,.500,18,5.50,27,27,0,0,0,139.0,164,88,85,26,43,1,87,3,0,5,603,90,5.43,1.489,10.6,1.7,2.8,5.6,2.02,,gombeau01
146,Devin Williams,87,2023,28,MIL,NL,8,3,.727,11,1.53,61,0,0,0,36,58.2,26,13,10,4,28,1,87,1,0,1,231,282,2.66,0.920,4.0,0.6,4.3,13.3,3.11,,willide03
147,Alexis Díaz,86,2023,26,CIN,NL,9,6,.600,15,3.07,71,0,0,0,37,67.1,44,30,23,4,36,0,86,10,0,3,286,152,3.52,1.188,5.9,0.5,4.8,11.5,2.39,1,diazal03
148,Scott McGough,86,2023,33,ARI,NL,2,7,.222,9,4.73,63,1,0,0,9,70.1,60,40,37,14,30,2,86,2,0,3,301,93,4.76,1.280,7.7,1.8,3.8,11.0,2.87,1,mcgousc01
149,Josh Hader,85,2023,29,SDP,NL,2,3,.400,5,1.28,61,0,0,0,33,56.1,32,11,8,3,30,2,85,3,0,3,231,331,2.69,1.101,5.1,0.5,4.8,13.6,2.83,1,haderjo01
150,Alec Marsh,85,2023,25,KCR,AL,3,9,.250,12,5.69,17,8,0,0,0,74.1,77,50,47,16,39,0,85,9,0,1,342,79,5.70,1.561,9.3,1.9,4.7,10.3,2.18,,marshal01
151,Touki Toussaint,85,2023,27,CHWCLE,AL,4,7,.364,11,4.97,20,16,0,0,0,87.0,69,48,48,10,57,0,85,7,1,3,384,89,5.00,1.448,7.1,1.0,5.9,8.8,1.49,,toussto01
152,Jhoan Durán,84,2023,25,MIN,AL,3,6,.333,9,2.45,59,0,0,0,27,62.1,46,25,17,6,25,5,84,4,0,8,255,179,3.21,1.139,6.6,0.9,3.6,12.1,3.36,,duranjh01
153,Shintaro Fujinami,83,2023,29,BALOAK,AL,7,8,.467,15,7.18,64,7,0,0,2,79.0,73,65,63,9,45,1,83,7,0,8,357,58,4.61,1.494,8.3,1.0,5.1,9.5,1.84,1,fujinsh01
154,Reynaldo López,83,2023,29,CHWCLELAA,AL,3,7,.300,10,3.27,68,0,0,0,6,66.0,50,25,24,8,34,2,83,1,1,4,278,136,3.91,1.273,6.8,1.1,4.6,11.3,2.44,,lopezre01
155,Hayden Wesneski,83,2023,25,CHC,NL,3,5,.375,8,4.63,34,11,0,0,0,89.1,82,50,46,20,32,1,83,3,0,2,379,92,5.48,1.276,8.3,2.0,3.2,8.4,2.59,1,wesneha01
156,Tony Gonsolin,82,2023,29,LAD,NL,8,5,.615,13,4.98,20,20,0,0,0,103.0,86,61,57,19,40,1,82,7,0,2,435,87,5.43,1.223,7.5,1.7,3.5,7.2,2.05,,gonsoto01
157,A.J. Minter,82,2023,29,ATL,NL,3,6,.333,9,3.76,70,0,0,0,10,64.2,56,28,27,6,21,2,82,0,1,1,260,116,2.90,1.191,7.8,0.8,2.9,11.4,3.90,,minteaj01
158,Josh Winckowski,82,2023,25,BOS,AL,4,4,.500,8,2.88,60,1,0,0,3,84.1,89,34,27,9,31,2,82,3,0,2,367,158,3.91,1.423,9.5,1.0,3.3,8.8,2.65,,winckjo01
159,Jordan Hicks,81,2023,26,STLTOR,ALNL,3,9,.250,12,3.29,65,0,0,0,12,65.2,57,30,24,4,32,1,81,4,0,8,285,134,3.22,1.355,7.8,0.5,4.4,11.1,2.53,,hicksjo03
160,Chris Stratton,81,2023,32,STLTEX,ALNL,2,1,.667,3,3.92,64,0,0,0,1,82.2,69,39,36,8,25,0,81,2,0,5,338,112,3.53,1.137,7.5,0.9,2.7,8.8,3.24,,stratch01
161,Gavin Williams,81,2023,23,CLE,AL,3,5,.375,8,3.29,16,16,0,0,0,82.0,66,32,30,8,37,1,81,4,0,3,345,129,4.05,1.256,7.2,0.9,4.1,8.9,2.19,,williga01
162,David Bednar,80,2023,28,PIT,NL,3,3,.500,6,2.00,66,0,0,0,39,67.1,53,22,15,3,21,4,80,3,0,2,277,224,2.53,1.099,7.1,0.4,2.8,10.7,3.81,,bednada01
163,Max Fried,80,2023,29,ATL,NL,8,1,.889,9,2.55,14,14,1,1,0,77.2,70,24,22,7,18,0,80,2,0,3,311,171,3.14,1.133,8.1,0.8,2.1,9.3,4.44,,friedma01
164,Paul Sewald,80,2023,33,ARISEA,ALNL,3,2,.600,5,3.12,65,0,0,0,34,60.2,46,23,21,8,24,1,80,1,0,1,249,132,3.57,1.154,6.8,1.2,3.6,11.9,3.33,1,sewalpa01
165,Kirby Yates,80,2023,36,ATL,NL,7,2,.778,9,3.28,61,0,0,0,5,60.1,35,22,22,9,37,1,80,5,1,5,254,133,4.63,1.193,5.2,1.3,5.5,11.9,2.16,,yateski01
166,Scott Barlow,79,2023,30,KCRSDP,ALNL,2,6,.250,8,4.37,63,0,0,0,13,68.0,61,39,33,4,34,3,79,5,0,3,299,101,3.42,1.397,8.1,0.5,4.5,10.5,2.32,1,barlosc01
167,Anthony DeSclafani,79,2023,33,SFG,NL,4,8,.333,12,4.88,19,18,0,0,0,99.2,105,59,54,15,20,0,79,4,0,3,419,86,4.35,1.254,9.5,1.4,1.8,7.1,3.95,,desclan01
168,Yimi García,79,2023,32,TOR,AL,3,4,.429,7,4.09,73,0,0,0,3,66.0,67,35,30,8,15,1,79,6,0,0,282,105,3.39,1.242,9.1,1.1,2.0,10.8,5.27,,garciyi01
169,Alex Lange,79,2023,27,DET,AL,7,5,.583,12,3.68,67,0,0,0,26,66.0,43,30,27,6,45,1,79,6,0,4,288,118,4.36,1.333,5.9,0.8,6.1,10.8,1.76,1,langeal01
170,Ben Lively,79,2023,31,CIN,NL,4,7,.364,11,5.38,19,12,0,0,0,88.2,96,53,53,20,25,0,79,3,0,1,383,87,5.35,1.365,9.7,2.0,2.5,8.0,3.16,,livelbe01
171,Alek Manoah,79,2023,25,TOR,AL,3,9,.250,12,5.87,19,19,0,0,0,87.1,93,61,57,15,59,1,79,9,3,3,415,73,6.01,1.740,9.6,1.5,6.1,8.1,1.34,,manoaal01
172,Wade Miley,79,2023,36,MIL,NL,9,4,.692,13,3.14,23,23,0,0,0,120.1,99,44,42,16,38,0,79,3,0,2,490,137,4.69,1.139,7.4,1.2,2.8,5.9,2.08,,mileywa01
173,Rafael Montero,79,2023,32,HOU,AL,3,3,.500,6,5.08,68,0,0,0,1,67.1,74,40,38,11,29,0,79,3,0,0,298,84,4.46,1.530,9.9,1.5,3.9,10.6,2.72,1,montera01
174,Luis Severino,79,2023,29,NYY,AL,4,8,.333,12,6.65,19,18,0,0,0,89.1,113,73,66,23,34,1,79,5,3,1,417,65,6.14,1.646,11.4,2.3,3.4,8.0,2.32,,severlu01
175,Aaron Bummer,78,2023,29,CHW,AL,5,5,.500,10,6.79,61,0,0,0,0,58.1,53,45,44,4,36,3,78,5,0,6,267,65,3.58,1.526,8.2,0.6,5.6,12.0,2.17,1,bummeaa01
176,Carlos Estévez,78,2023,30,LAA,AL,5,5,.500,10,3.90,63,0,0,0,31,62.1,62,34,27,7,31,5,78,5,0,1,281,115,3.94,1.492,9.0,1.0,4.5,11.3,2.52,,estevca01
177,Justin Lawrence,78,2023,28,COL,NL,4,7,.364,11,3.72,69,0,0,0,11,75.0,65,37,31,5,36,4,78,7,0,3,326,134,3.76,1.347,7.8,0.6,4.3,9.4,2.17,1,lawreju01
178,A.J. Puk,78,2023,28,MIA,NL,7,5,.583,12,3.97,58,0,0,0,15,56.2,54,29,25,10,13,2,78,2,0,1,242,119,3.59,1.182,8.6,1.6,2.1,12.4,6.00,,pukaj01
179,David Robertson,78,2023,38,MIANYM,NL,6,6,.500,12,3.03,62,0,0,0,18,65.1,53,28,22,7,25,2,78,3,0,5,269,145,3.55,1.194,7.3,1.0,3.4,10.7,3.12,,roberda08
180,Ryan Walker,78,2023,27,SFG,NL,5,3,.625,8,3.23,49,13,0,0,1,61.1,61,25,22,8,24,0,78,2,0,3,263,130,3.68,1.386,9.0,1.2,3.5,11.4,3.25,,walkery01
181,Jake Bird,77,2023,27,COL,NL,3,3,.500,6,4.33,70,3,0,0,0,89.1,94,47,43,6,27,0,77,7,0,2,381,115,3.55,1.354,9.5,0.6,2.7,7.8,2.85,,birdja01
182,Carlos Hernández,77,2023,26,KCR,AL,1,10,.091,11,5.27,67,4,0,0,4,70.0,62,43,41,10,31,1,77,1,2,5,300,85,4.28,1.329,8.0,1.3,4.0,9.9,2.48,1,hernaca04
183,Mark Leiter Jr.,77,2023,32,CHC,NL,1,3,.250,4,3.50,69,0,0,0,4,64.1,48,27,25,7,24,0,77,8,1,2,269,122,3.77,1.119,6.7,1.0,3.4,10.8,3.21,1,leitema02
184,Héctor Neris,77,2023,34,HOU,AL,6,3,.667,9,1.71,71,0,0,0,2,68.1,41,16,13,7,31,0,77,3,0,3,273,249,3.83,1.054,5.4,0.9,4.1,10.1,2.48,1,nerishe01
185,Joel Payamps,77,2023,29,MIL,NL,7,5,.583,12,2.55,69,0,0,0,3,70.2,57,24,20,8,17,1,77,5,2,2,287,169,3.48,1.047,7.3,1.0,2.2,9.8,4.53,,payamjo01
186,Robert Stephenson,77,2023,30,PITTBR,ALNL,3,4,.429,7,3.10,60,0,0,0,1,52.1,30,20,18,8,16,2,77,0,0,4,201,140,3.22,0.879,5.2,1.4,2.8,13.2,4.81,,stephro01
187,Phil Bickford,76,2023,27,LADNYM,NL,5,5,.500,10,4.95,61,0,0,0,1,67.1,59,41,37,8,39,4,76,4,1,4,304,87,4.46,1.455,7.9,1.1,5.2,10.2,1.95,,bickfph01
188,Dauri Moreta,76,2023,27,PIT,NL,5,2,.714,7,3.72,55,0,0,0,1,58.0,39,26,24,4,24,1,76,3,0,3,239,121,2.93,1.086,6.1,0.6,3.7,11.8,3.17,,moretda01
189,Eli Morgan,75,2023,27,CLE,AL,5,2,.714,7,4.01,61,0,0,0,1,67.1,73,37,30,9,24,1,75,1,1,2,299,106,3.88,1.441,9.8,1.2,3.2,10.0,3.13,,morgael01
190,Trevor Stephan,75,2023,27,CLE,AL,7,7,.500,14,4.06,71,0,0,0,2,68.2,63,35,31,6,26,1,75,5,0,3,294,105,3.56,1.296,8.3,0.8,3.4,9.8,2.88,,stephtr01
191,Erik Swanson,75,2023,29,TOR,AL,4,2,.667,6,2.97,69,0,0,0,4,66.2,52,22,22,8,21,0,75,0,0,0,262,145,3.51,1.095,7.0,1.1,2.8,10.1,3.57,,swanser01
192,Michael Tonkin,75,2023,33,ATL,NL,7,3,.700,10,4.28,45,0,0,0,1,80.0,64,41,38,13,23,1,75,2,1,2,325,102,4.43,1.088,7.2,1.5,2.6,8.4,3.26,,tonkimi01
193,Chris Flexen,74,2023,28,COLSEA,ALNL,2,8,.200,10,6.86,29,16,0,0,0,102.1,133,81,78,25,38,0,74,4,0,6,466,67,6.22,1.671,11.7,2.2,3.3,6.5,1.95,,flexech01
194,Tyler Holton,74,2023,27,DET,AL,3,2,.600,5,2.11,59,1,0,0,1,85.1,56,21,20,9,18,1,74,1,0,4,324,206,3.56,0.867,5.9,0.9,1.9,7.8,4.11,,holtoty01
195,Zack Littell,74,2023,27,BOSTBR,AL,3,6,.333,9,4.10,28,14,0,0,0,90.0,94,43,41,13,12,1,74,4,0,4,379,103,4.02,1.178,9.4,1.3,1.2,7.4,6.17,,litteza01
196,Phil Maton,74,2023,30,HOU,AL,4,3,.571,7,3.00,68,0,0,0,1,66.0,49,27,22,6,25,2,74,9,0,1,274,142,3.74,1.121,6.7,0.8,3.4,10.1,2.96,1,matonph01
197,Ryan Pressly,74,2023,34,HOU,AL,4,5,.444,9,3.58,65,0,0,0,31,65.1,54,33,26,8,16,0,74,1,0,2,268,119,3.36,1.071,7.4,1.1,2.2,10.2,4.63,1,pressry01
198,Alex Wood,74,2023,32,SFG,NL,5,5,.500,10,4.33,29,12,0,0,0,97.2,98,52,47,9,42,0,74,8,2,3,429,97,4.47,1.433,9.0,0.8,3.9,6.8,1.76,,woodal02
199,Brandon Woodruff,74,2023,30,MIL,NL,5,1,.833,6,2.28,11,11,1,1,0,67.0,40,17,17,9,15,0,74,3,0,0,253,189,3.60,0.821,5.4,1.2,2.0,9.9,4.93,,woodrbr01
200,Matthew Boyd,73,2023,32,DET,AL,5,5,.500,10,5.45,15,15,0,0,0,71.0,69,46,43,11,25,0,73,2,0,2,303,80,4.35,1.324,8.7,1.4,3.2,9.3,2.92,,boydma01